file,total_orders,total_revenue,avg_order_value
order_10000.csv,1417,1069477.83,754.747939308398
order_100000.csv,14287,10874402.61,761.1396801287883
